File, Max_Acc, Max_Prc, Max_rec, Max_Exact_match_ratio, Avg_Acc, Avg_Prc, Avg_rec, Avg_Exact_match_ratio
./results/coref_False_BG.csv,0.5119617224880383,0.5495837093909309,0.5119617224880383,0.10047846889952153,0.5119617224880383,0.5495837093909309,0.5119617224880383,0.10047846889952153
./results/coref_False_PT.csv,0.45083932853717024,0.4283789575065119,0.45083932853717024,0.10951239008792965,0.45083932853717024,0.4283789575065119,0.45083932853717024,0.10951239008792965
./results/coref_False_EN.csv,0.46355685131195334,0.542544808821031,0.46355685131195334,0.08746355685131195,0.46355685131195334,0.542544808821031,0.46355685131195334,0.08746355685131195
./results/coref_False_HI.csv,0.25911625911625913,0.3873591795016054,0.25911625911625913,0.029601029601029602,0.25911625911625913,0.3873591795016054,0.25911625911625913,0.029601029601029602
./results/coref_True_EN.csv,0.4839650145772595,0.556646651809147,0.4839650145772595,0.1239067055393586,0.4737609329446064,0.5571008993406603,0.4737609329446064,0.11370262390670553
./results/coref_False_RU.csv,0.42779291553133514,0.38461676385643656,0.42779291553133514,0.09809264305177112,0.42779291553133514,0.38461676385643656,0.42779291553133514,0.09809264305177112
